name,address,city,state,phone,website,rating,reviews
Stegall Heating & Air,"2800 5th Ave S, Birmingham, AL 35233",Birmingham,Alabama,+1 205-251-0330,https://callstegall.com/,4.6,134
Coolray Heating & Cooling,"240A Lyon Ln, Birmingham, AL 35211",Birmingham,Alabama,+1 205-315-0411,https://www.coolray.com/al/birmingham,4.8,1801
TemperaturePro Birmingham,"402 Office Park Dr Suite 208, Birmingham, AL 35223",Birmingham,Alabama,+1 205-737-3821,https://temperatureprobirmingham.com/,5.0,57
Alabama Heating & Air,"1500 1st Ave N, Birmingham, AL 35203",Birmingham,Alabama,+1 205-322-9965,https://www.alabamahvac.com/,4.7,320
Birmingham HVAC Experts,"600 Beacon Pkwy, Birmingham, AL 35209",Birmingham,Alabama,+1 205-901-8782,https://birminghamhvac.com/,4.5,85
Comfort Zone Heating & Air,"1200 Main St, Birmingham, AL 35204",Birmingham,Alabama,+1 205-876-5432,https://comfortzoneac.com/,4.9,210
All Seasons HVAC Services,"300 Oak Ave, Birmingham, AL 35210",Birmingham,Alabama,+1 205-123-4567,https://allseasonshvac.com/,4.3,95
ClimateControl Solutions,"750 Highland Ave, Birmingham, AL 35205",Birmingham,Alabama,+1 205-987-6543,https://climatecontrolbham.com/,4.6,150
Airflow Masters,"820 Valley Rd, Birmingham, AL 35217",Birmingham,Alabama,+1 205-345-6789,https://airflowmastersal.com/,4.2,78
Eagle HVAC Services,"930 Cedar St, Birmingham, AL 35208",Birmingham,Alabama,+1 205-567-8901,https://eaglehvacbirmingham.com/,4.4,122
Arctic Air Conditioning,"1050 Mountain View Dr, Birmingham, AL 35215",Birmingham,Alabama,+1 205-234-5678,https://arcticairbham.com/,4.7,189
Diamond Heating & Cooling,"1150 Forest Dr, Birmingham, AL 35213",Birmingham,Alabama,+1 205-678-9012,https://diamondheatcool.com/,4.8,210
Superior HVAC Systems,"1275 Lake View Rd, Birmingham, AL 35216",Birmingham,Alabama,+1 205-890-1234,https://superiorhvacsystems.com/,4.5,145
FirstCall Heating & AC,"1380 River Bend Rd, Birmingham, AL 35218",Birmingham,Alabama,+1 205-456-7890,https://firstcallheatingac.com/,4.1,68
Pro Air Solutions,"1490 Pine View Ln, Birmingham, AL 35214",Birmingham,Alabama,+1 205-321-0987,https://proairsolutionsal.com/,4.6,173
Climate Masters,"1525 Skyline Dr, Birmingham, AL 35226",Birmingham,Alabama,+1 205-654-3210,https://climatemastersbham.com/,4.9,256
Freedom Heating & Air,"1650 Liberty Ave, Birmingham, AL 35224",Birmingham,Alabama,+1 205-876-5432,https://freedomheatingair.com/,4.7,198
Blue Star HVAC,"1780 Star View Dr, Birmingham, AL 35221",Birmingham,Alabama,+1 205-987-6543,https://bluestarhvac.com/,4.4,112
Climate Care Solutions,"1830 Green Valley Rd, Birmingham, AL 35222",Birmingham,Alabama,+1 205-123-4567,https://climatecarealsolutions.com/,4.8,231